{"cameraMode":{"drawMode":0,"name":"Shaded","section":"Shading Mode"},"sceneLighting":false,"audioPlay":false,"sceneViewState":{"m_AlwaysRefresh":false,"showFog":true,"showSkybox":true,"showFlares":true,"showImageEffects":true,"showParticleSystems":true,"showVisualEffectGraphs":true,"m_FxEnabled":true},"in2DMode":false,"pivot":{"x":401.15118408203127,"y":-445.72894287109377,"z":354.7578430175781},"rotation":{"x":-0.05321338772773743,"y":-0.9465206265449524,"z":0.21246592700481416,"w":-0.2370431274175644},"size":1.2531318664550782,"orthographic":false}